provider,avg_ms,max_error,speedup_vs_pytorch,est_bandwidth_gbps,dtype,warmup,iters,test_shapes,tiling_block
PyTorch CUDA,0.06865887920061747,0.0,1.0,366.5341510522892,float32,30,100,1024x1024|1024x4096|512x8192,1024
CUDA,0.06912266572316488,7.450580596923828e-09,0.9932903843088914,364.07484776106156,float32,30,100,1024x1024|1024x4096|512x8192,1024
Triton Fused,0.03912031968434652,1.4901161193847656e-08,1.755069481911479,643.2929025902049,float32,30,100,1024x1024|1024x4096|512x8192,1024
Triton Tiling,0.05184842586517334,1.4901161193847656e-08,1.3242230222988456,485.3729612822039,float32,30,100,1024x1024|1024x4096|512x8192,1024
