provider,avg_ms,max_error,speedup_vs_pytorch,throughput_gels,dtype,warmup,iters,input_pool_size,test_shapes,triton_mode,triton_autotune_key
PyTorch CUDA,0.3096507771809896,0.0,1.0,24.269147406702874,float32,40,200,8,4096x1024|2048x4096|1024x8192,autotune,n_cols
CUDA,0.3600109354654948,1.1175870895385742e-08,0.8601149206220933,19.558306572027913,float32,40,200,8,4096x1024|2048x4096|1024x8192,autotune,n_cols
Triton Fused,0.35102329889933265,1.1175870895385742e-08,0.8821373913125694,19.4673379990012,float32,40,200,8,4096x1024|2048x4096|1024x8192,autotune,n_cols
Triton Tiling,0.30756287892659506,7.450580596923828e-09,1.0067885248755681,23.556544929691487,float32,40,200,8,4096x1024|2048x4096|1024x8192,autotune,n_cols
