provider,avg_ms,max_error,speedup_vs_pytorch,throughput_gels,batch_size,seq_len,dim,dtype,warmup,iters
PyTorch,1.2573542022705078,0.0,1.0,6.671634758807027,4,512,4096,float32,50,200
CUDA,1.0043814086914062,1.239776611328125e-05,1.2518692514516931,8.352014411466849,4,512,4096,float32,50,200
CUDA Shared,0.4902399826049805,1.9073486328125e-06,2.5647728599966992,17.111227761198883,4,512,4096,float32,50,200
