provider,avg_ms,max_error,speedup_vs_pytorch,est_bandwidth_gbps,batch_size,seq_len,dim,dtype,warmup,iters
PyTorch,1.0650833892822265,0.0,1.0,63.02346715334334,4,512,4096,float32,50,200
CUDA,0.8257901000976563,1.430511474609375e-05,1.2897749551081708,81.28608951846469,4,512,4096,float32,50,200
CUDA Shared,0.33507839202880857,1.9073486328125e-06,3.1786095869490003,200.3269968963826,4,512,4096,float32,50,200
